{"cameraMode":{"drawMode":0,"name":"Shaded","section":"Shading Mode"},"sceneLighting":false,"audioPlay":false,"sceneViewState":{"m_AlwaysRefresh":false,"showFog":true,"showSkybox":false,"showFlares":true,"showImageEffects":true,"showParticleSystems":true,"showVisualEffectGraphs":true,"m_FxEnabled":true},"in2DMode":false,"pivot":{"x":-0.37097930908203127,"y":-0.10164713859558106,"z":0.47721052169799807},"rotation":{"x":-0.0990045964717865,"y":0.8815772533416748,"z":-0.21322456002235413,"w":-0.4093346893787384},"size":3.794813632965088,"orthographic":false}